model_id,task_name,domain,mode,sample_id,gold,pred,latency_ms,prompt_tokens,context_tokens,output_tokens,question,context,correct,reflection_latency_ms,reflected,epoch
microsoft/Phi-3-mini-4k-instruct,tatqa_tiny,finance,ace_working_memory,tatqa_1,100000,"To calculate the total revenue before tax for Company ABC, we need to consider the relationship between revenue, expenses, and taxes. The formula to calculate net income is:

Net Income = Revenue - Expenses - Taxes

Since we are given the net income, expenses, and tax rate, we can rearrange the formula to solve for revenue before tax:

Revenue before tax = Net Income + Expenses + Taxes

However, we do not have the net income directly given to us. To find the net income, we need to calculate the taxes first:

Taxes = Tax Rate * (Revenue - Expenses)

Given that the tax rate is 20%, we can set up the following equation:

Taxes = 0.20 * (Revenue - $30,000)

Now, we can express the net income in terms of revenue before tax:

Net Income = Revenue before tax - Expenses - Taxes

Substituting Taxes in the equation, we get:

Net Income = Revenue before tax - $30",404889.230966568,848,591,254,What is the total revenue before tax?,"Company ABC reported revenue of $100,000 and expenses of $30,000. The tax rate is 20%.",0,202918.61963272095,True,1
microsoft/Phi-3-mini-4k-instruct,tatqa_tiny,finance,ace_working_memory,tatqa_2,25500,"Reasoning:
1. Calculate the gross profit by subtracting expenses from revenue:
   Gross Profit = Revenue - Expenses
   Gross Profit = $50,000 - $20,000
   Gross Profit = $30,000

2. Calculate the net income before tax by considering the tax rate:
   Net Income Before Tax = Gross Profit
   Net Income Before Tax = $30,000 (since expenses are already accounted for)

3. Calculate the tax expense:
   Tax Expense = Tax Rate * Net Income Before Tax
   Tax Expense = 15% * $30,000
   Tax Expense = 0.15 * $30,000
   Tax Expense = $4,500

4. Calculate the net profit after tax by subtracting the tax expense from the net income before tax:
   Net Profit After Tax = Net Income Before Tax - Tax Expense
   Net Profit After Tax = $30,00",389629.79197502136,840,586,254,What is the net profit after tax?,"Company XYZ has revenue of $50,000 and expenses of $20,000. Tax rate is 15%.",0,195982.36107826233,True,1
microsoft/Phi-3-mini-4k-instruct,tatqa_tiny,finance,ace_working_memory,tatqa_3,40,"Relevant Documents:

Document:

Question:
A company has a revenue of $500,000 and a net income of $100,000. What is the profit margin percentage?

Answer:
The profit margin percentage can be calculated using the formula: Profit Margin = (Net Income / Revenue) * 100.
Profit Margin = ($100,000 / $500,000) * 100 = 20%.

Question:
A company had a net income of $150,000, and its tax rate is 30%. If the company's expenses are $50,000, what was the revenue?

Answer:
First, calculate the tax expense: Tax Expense = Net Income * Tax Rate = $150,000 * 30% = $45,000.
Next, find the gross income before tax: Gross Income = Net Income + Tax Expense = $150,000 + $45,0",389788.9714241028,833,587,255,What is the profit margin percentage?,"A company earned $200,000 in revenue and had $120,000 in expenses.",0,193372.9953765869,True,1
